Source,Target
John Q. Adams,Clay
John Q. Adams,Tyler
John Q. Adams,J. G. Britton
John Q. Adams,Turner Roberts
John Q. Adams,A. J. Overalls
John Q. Adams,Jesse White
John Q. Adams,John G. Britton
John Q. Adams,Allen E. Graham
John Q. Adams,Willis Brown
John Q. Adams,O. Mifflin
John Q. Adams,A. Turner
John Q. Adams,O. Stuart
John Q. Adams,J. Tucker
John Q. Adams,J. White
John Q. Adams,T. Roberts
John Q. Adams,A. E. Graham
John Q. Adams,G. Britton
John Q. Adams,V. Morgan
John Q. Adams,John Crowder
John Q. Adams,N. Morgan
Clay,Tyler
Clay,J. G. Britton
Clay,Turner Roberts
Clay,A. J. Overalls
Clay,Jesse White
Clay,John G. Britton
Clay,Allen E. Graham
Clay,Willis Brown
Clay,O. Mifflin
Clay,A. Turner
Clay,O. Stuart
Clay,J. Tucker
Clay,J. White
Clay,T. Roberts
Clay,A. E. Graham
Clay,G. Britton
Clay,V. Morgan
Clay,John Crowder
Clay,N. Morgan
Tyler,J. G. Britton
Tyler,Turner Roberts
Tyler,A. J. Overalls
Tyler,Jesse White
Tyler,John G. Britton
Tyler,Allen E. Graham
Tyler,Willis Brown
Tyler,O. Mifflin
Tyler,A. Turner
Tyler,O. Stuart
Tyler,J. Tucker
Tyler,J. White
Tyler,T. Roberts
Tyler,A. E. Graham
Tyler,G. Britton
Tyler,V. Morgan
Tyler,John Crowder
Tyler,N. Morgan
J. G. Britton,Turner Roberts
J. G. Britton,A. J. Overalls
J. G. Britton,Jesse White
J. G. Britton,John G. Britton
J. G. Britton,Allen E. Graham
J. G. Britton,Willis Brown
J. G. Britton,O. Mifflin
J. G. Britton,A. Turner
J. G. Britton,O. Stuart
J. G. Britton,J. Tucker
J. G. Britton,J. White
J. G. Britton,T. Roberts
J. G. Britton,A. E. Graham
J. G. Britton,G. Britton
J. G. Britton,V. Morgan
J. G. Britton,John Crowder
J. G. Britton,N. Morgan
Turner Roberts,A. J. Overalls
Turner Roberts,Jesse White
Turner Roberts,John G. Britton
Turner Roberts,Allen E. Graham
Turner Roberts,Willis Brown
Turner Roberts,O. Mifflin
Turner Roberts,A. Turner
Turner Roberts,O. Stuart
Turner Roberts,J. Tucker
Turner Roberts,J. White
Turner Roberts,T. Roberts
Turner Roberts,A. E. Graham
Turner Roberts,G. Britton
Turner Roberts,V. Morgan
Turner Roberts,John Crowder
Turner Roberts,N. Morgan
A. J. Overalls,Jesse White
A. J. Overalls,John G. Britton
A. J. Overalls,Allen E. Graham
A. J. Overalls,Willis Brown
A. J. Overalls,O. Mifflin
A. J. Overalls,A. Turner
A. J. Overalls,O. Stuart
A. J. Overalls,J. Tucker
A. J. Overalls,J. White
A. J. Overalls,T. Roberts
A. J. Overalls,A. E. Graham
A. J. Overalls,G. Britton
A. J. Overalls,V. Morgan
A. J. Overalls,John Crowder
A. J. Overalls,N. Morgan
Jesse White,John G. Britton
Jesse White,Allen E. Graham
Jesse White,Willis Brown
Jesse White,O. Mifflin
Jesse White,A. Turner
Jesse White,O. Stuart
Jesse White,J. Tucker
Jesse White,J. White
Jesse White,T. Roberts
Jesse White,A. E. Graham
Jesse White,G. Britton
Jesse White,V. Morgan
Jesse White,John Crowder
Jesse White,N. Morgan
John G. Britton,Allen E. Graham
John G. Britton,Willis Brown
John G. Britton,O. Mifflin
John G. Britton,A. Turner
John G. Britton,O. Stuart
John G. Britton,J. Tucker
John G. Britton,J. White
John G. Britton,T. Roberts
John G. Britton,A. E. Graham
John G. Britton,G. Britton
John G. Britton,V. Morgan
John G. Britton,John Crowder
John G. Britton,N. Morgan
Allen E. Graham,Willis Brown
Allen E. Graham,O. Mifflin
Allen E. Graham,A. Turner
Allen E. Graham,O. Stuart
Allen E. Graham,J. Tucker
Allen E. Graham,J. White
Allen E. Graham,T. Roberts
Allen E. Graham,A. E. Graham
Allen E. Graham,G. Britton
Allen E. Graham,V. Morgan
Allen E. Graham,John Crowder
Allen E. Graham,N. Morgan
Willis Brown,O. Mifflin
Willis Brown,A. Turner
Willis Brown,O. Stuart
Willis Brown,J. Tucker
Willis Brown,J. White
Willis Brown,T. Roberts
Willis Brown,A. E. Graham
Willis Brown,G. Britton
Willis Brown,V. Morgan
Willis Brown,John Crowder
Willis Brown,N. Morgan
O. Mifflin,A. Turner
O. Mifflin,O. Stuart
O. Mifflin,J. Tucker
O. Mifflin,J. White
O. Mifflin,T. Roberts
O. Mifflin,A. E. Graham
O. Mifflin,G. Britton
O. Mifflin,V. Morgan
O. Mifflin,John Crowder
O. Mifflin,N. Morgan
A. Turner,O. Stuart
A. Turner,J. Tucker
A. Turner,J. White
A. Turner,T. Roberts
A. Turner,A. E. Graham
A. Turner,G. Britton
A. Turner,V. Morgan
A. Turner,John Crowder
A. Turner,N. Morgan
O. Stuart,J. Tucker
O. Stuart,J. White
O. Stuart,T. Roberts
O. Stuart,A. E. Graham
O. Stuart,G. Britton
O. Stuart,V. Morgan
O. Stuart,John Crowder
O. Stuart,N. Morgan
J. Tucker,J. White
J. Tucker,T. Roberts
J. Tucker,A. E. Graham
J. Tucker,G. Britton
J. Tucker,V. Morgan
J. Tucker,John Crowder
J. Tucker,N. Morgan
J. White,T. Roberts
J. White,A. E. Graham
J. White,G. Britton
J. White,V. Morgan
J. White,John Crowder
J. White,N. Morgan
T. Roberts,A. E. Graham
T. Roberts,G. Britton
T. Roberts,V. Morgan
T. Roberts,John Crowder
T. Roberts,N. Morgan
A. E. Graham,G. Britton
A. E. Graham,V. Morgan
A. E. Graham,John Crowder
A. E. Graham,N. Morgan
G. Britton,V. Morgan
G. Britton,John Crowder
G. Britton,N. Morgan
V. Morgan,John Crowder
V. Morgan,N. Morgan
John Crowder,N. Morgan
