source,target
Douglass,Beman
Douglass,E. D. Bassett
Douglass,G. W. Francis
Douglass,A. G. Beman
Douglass,Frederick Douglass
Douglass,Charles B. Ray
Douglass,Ray
Douglass,Wilbur Fisk
Douglass,John Wesley
Douglass,Junior
Douglass,S. P. Dole
Douglass,Walker
Douglass,Garrison
Douglass,Wm. L. Garrison
Douglass,Jehiel C. Beman
Douglass,Fisk
Beman,E. D. Bassett
Beman,G. W. Francis
Beman,A. G. Beman
Beman,Frederick Douglass
Beman,Charles B. Ray
Beman,Ray
Beman,Wilbur Fisk
Beman,John Wesley
Beman,Junior
Beman,S. P. Dole
Beman,Walker
Beman,Garrison
Beman,Wm. L. Garrison
Beman,Jehiel C. Beman
Beman,Fisk
E. D. Bassett,G. W. Francis
E. D. Bassett,A. G. Beman
E. D. Bassett,Frederick Douglass
E. D. Bassett,Charles B. Ray
E. D. Bassett,Ray
E. D. Bassett,Wilbur Fisk
E. D. Bassett,John Wesley
E. D. Bassett,Junior
E. D. Bassett,S. P. Dole
E. D. Bassett,Walker
E. D. Bassett,Garrison
E. D. Bassett,Wm. L. Garrison
E. D. Bassett,Jehiel C. Beman
E. D. Bassett,Fisk
G. W. Francis,A. G. Beman
G. W. Francis,Frederick Douglass
G. W. Francis,Charles B. Ray
G. W. Francis,Ray
G. W. Francis,Wilbur Fisk
G. W. Francis,John Wesley
G. W. Francis,Junior
G. W. Francis,S. P. Dole
G. W. Francis,Walker
G. W. Francis,Garrison
G. W. Francis,Wm. L. Garrison
G. W. Francis,Jehiel C. Beman
G. W. Francis,Fisk
A. G. Beman,Frederick Douglass
A. G. Beman,Charles B. Ray
A. G. Beman,Ray
A. G. Beman,Wilbur Fisk
A. G. Beman,John Wesley
A. G. Beman,Junior
A. G. Beman,S. P. Dole
A. G. Beman,Walker
A. G. Beman,Garrison
A. G. Beman,Wm. L. Garrison
A. G. Beman,Jehiel C. Beman
A. G. Beman,Fisk
Frederick Douglass,Charles B. Ray
Frederick Douglass,Ray
Frederick Douglass,Wilbur Fisk
Frederick Douglass,John Wesley
Frederick Douglass,Junior
Frederick Douglass,S. P. Dole
Frederick Douglass,Walker
Frederick Douglass,Garrison
Frederick Douglass,Wm. L. Garrison
Frederick Douglass,Jehiel C. Beman
Frederick Douglass,Fisk
Charles B. Ray,Ray
Charles B. Ray,Wilbur Fisk
Charles B. Ray,John Wesley
Charles B. Ray,Junior
Charles B. Ray,S. P. Dole
Charles B. Ray,Walker
Charles B. Ray,Garrison
Charles B. Ray,Wm. L. Garrison
Charles B. Ray,Jehiel C. Beman
Charles B. Ray,Fisk
Ray,Wilbur Fisk
Ray,John Wesley
Ray,Junior
Ray,S. P. Dole
Ray,Walker
Ray,Garrison
Ray,Wm. L. Garrison
Ray,Jehiel C. Beman
Ray,Fisk
Wilbur Fisk,John Wesley
Wilbur Fisk,Junior
Wilbur Fisk,S. P. Dole
Wilbur Fisk,Walker
Wilbur Fisk,Garrison
Wilbur Fisk,Wm. L. Garrison
Wilbur Fisk,Jehiel C. Beman
Wilbur Fisk,Fisk
John Wesley,Junior
John Wesley,S. P. Dole
John Wesley,Walker
John Wesley,Garrison
John Wesley,Wm. L. Garrison
John Wesley,Jehiel C. Beman
John Wesley,Fisk
Junior,S. P. Dole
Junior,Walker
Junior,Garrison
Junior,Wm. L. Garrison
Junior,Jehiel C. Beman
Junior,Fisk
S. P. Dole,Walker
S. P. Dole,Garrison
S. P. Dole,Wm. L. Garrison
S. P. Dole,Jehiel C. Beman
S. P. Dole,Fisk
Walker,Garrison
Walker,Wm. L. Garrison
Walker,Jehiel C. Beman
Walker,Fisk
Garrison,Wm. L. Garrison
Garrison,Jehiel C. Beman
Garrison,Fisk
Wm. L. Garrison,Jehiel C. Beman
Wm. L. Garrison,Fisk
Jehiel C. Beman,Fisk
